2020-09-21 04:01:00,328.05,328.1,328,328,2936
2020-09-21 04:02:00,328.03,328.03,327.8,327.8,929
2020-09-21 04:03:00,327.8,327.8,327.8,327.8,624
2020-09-21 04:04:00,327.85,327.91,327.85,327.9,3476
2020-09-21 04:05:00,327.81,327.9,327.81,327.9,616
2020-09-21 04:06:00,327.83,327.84,327.82,327.84,1446
2020-09-21 04:07:00,327.76,327.76,327.71,327.71,5700
2020-09-21 04:08:00,327.66,327.8,327.63,327.8,5022
2020-09-21 04:10:00,327.55,327.55,327.51,327.51,430
2020-09-21 04:11:00,327.4,327.4,327.22,327.22,1654
2020-09-21 04:12:00,327.22,327.3,327.1,327.1,3298
2020-09-21 04:13:00,327.11,327.15,327.11,327.15,376
2020-09-21 04:14:00,327.11,327.12,326.79,326.95,13601
2020-09-21 04:15:00,326.95,327.16,326.95,327,3080
2020-09-21 04:16:00,326.82,326.84,326.8,326.83,962
2020-09-21 04:17:00,326.82,326.82,326.75,326.75,5129
2020-09-21 04:18:00,326.73,326.73,326.63,326.63,1052
2020-09-21 04:19:00,326.6,326.6,326.53,326.55,1115
2020-09-21 04:20:00,326.55,326.8,326.55,326.8,4317
2020-09-21 04:21:00,326.7,326.7,326.48,326.48,1367
2020-09-21 04:22:00,326.53,326.53,326.42,326.42,410
2020-09-21 04:23:00,326.45,326.45,326.45,326.45,311
2020-09-21 04:24:00,326.55,326.55,326.55,326.55,144
2020-09-21 04:25:00,326.45,326.5,326.44,326.44,1218
2020-09-21 04:26:00,326.48,326.48,326.45,326.45,407
2020-09-21 04:27:00,326.29,326.3,326.29,326.3,2557
2020-09-21 04:28:00,326.14,326.47,326.14,326.47,1496
2020-09-21 04:29:00,326.63,326.63,326.62,326.62,868
2020-09-21 04:30:00,326.54,326.59,326.52,326.59,991
2020-09-21 04:31:00,326.29,326.32,326.27,326.27,8996
2020-09-21 04:32:00,326.24,326.24,326.23,326.23,1486
2020-09-21 04:33:00,326.16,326.16,326.09,326.1,699
2020-09-21 04:34:00,326.11,326.2,326.06,326.2,1097
2020-09-21 04:35:00,326.27,326.29,326.19,326.19,8285
2020-09-21 04:36:00,326.19,326.19,326.19,326.19,1904
2020-09-21 04:37:00,326.28,326.44,326.28,326.43,3620
2020-09-21 04:40:00,326.19,326.19,326.12,326.12,1502
2020-09-21 04:41:00,326.15,326.15,326.13,326.13,315
2020-09-21 04:42:00,326.15,326.15,325.81,325.81,3627
2020-09-21 04:43:00,325.75,325.75,325.48,325.48,5587
2020-09-21 04:44:00,325.44,325.5,325.38,325.38,2886
2020-09-21 04:45:00,325.25,325.25,325.2,325.2,626
2020-09-21 04:46:00,325.23,325.23,324.93,324.93,7282
2020-09-21 04:47:00,324.93,324.98,324.9,324.9,8144
2020-09-21 04:48:00,324.93,324.98,324.93,324.98,4111
2020-09-21 04:49:00,324.87,325.13,324.87,325.13,986
2020-09-21 04:50:00,324.9,324.9,324.85,324.85,1112
2020-09-21 04:51:00,324.75,324.76,324.65,324.76,7096
2020-09-21 04:52:00,325.12,325.23,325.01,325.01,7469
2020-09-21 04:53:00,325.07,325.08,325,325,1437
2020-09-21 04:54:00,325.16,325.16,325.16,325.16,197
2020-09-21 04:55:00,325.11,325.24,325.11,325.24,2488
2020-09-21 04:56:00,325.23,325.3,325.23,325.28,830
2020-09-21 04:57:00,325.3,325.33,325.29,325.33,2003
2020-09-21 04:58:00,325.33,325.33,325.21,325.26,3043
2020-09-21 04:59:00,325.3,325.34,325.3,325.34,3466
2020-09-21 05:00:00,325.33,325.37,325.26,325.26,1941
2020-09-21 05:02:00,325.31,325.4,325.28,325.29,2969
2020-09-21 05:04:00,325.31,325.34,325.3,325.34,917
2020-09-21 05:05:00,325.39,325.39,325.39,325.39,642
2020-09-21 05:06:00,325.62,325.63,325.55,325.58,912
2020-09-21 05:07:00,325.59,325.65,325.59,325.65,471
2020-09-21 05:08:00,325.65,325.72,325.58,325.72,2744
2020-09-21 05:09:00,325.73,325.74,325.73,325.74,1194
2020-09-21 05:10:00,325.99,326,325.89,325.99,1162
2020-09-21 05:11:00,326.02,326.58,326.02,326.58,10544
2020-09-21 05:12:00,326.5,326.58,326.45,326.51,7625
2020-09-21 05:13:00,326.55,326.62,326.54,326.54,5381
2020-09-21 05:14:00,326.5,326.52,326.48,326.52,960
2020-09-21 05:16:00,326.67,326.8,326.67,326.8,1117
2020-09-21 05:17:00,326.82,326.82,326.77,326.82,3360
2020-09-21 05:18:00,326.8,326.83,326.8,326.83,5011
2020-09-21 05:19:00,326.82,326.84,326.8,326.8,5784
2020-09-21 05:20:00,326.78,326.78,326.75,326.75,620
2020-09-21 05:21:00,326.74,326.82,326.74,326.82,1615
2020-09-21 05:22:00,326.67,326.79,326.66,326.68,2180
2020-09-21 05:23:00,326.58,326.65,326.56,326.64,4780
2020-09-21 05:24:00,326.64,326.7,326.64,326.7,1040
2020-09-21 05:26:00,326.55,326.57,326.48,326.48,1568
2020-09-21 05:27:00,326.18,326.28,326.18,326.28,805
2020-09-21 05:28:00,326.25,326.25,326.1,326.1,5925
2020-09-21 05:29:00,326.11,326.33,326.11,326.32,1475
2020-09-21 05:30:00,326.26,326.26,326.22,326.22,1025
2020-09-21 05:31:00,326.22,326.38,326.22,326.38,1455
2020-09-21 05:32:00,326.39,326.39,326.28,326.28,6550
2020-09-21 05:33:00,326.08,326.08,326.02,326.02,1370
2020-09-21 05:34:00,326.01,326.01,325.95,325.95,2180
2020-09-21 05:35:00,325.96,325.96,325.96,325.96,445
2020-09-21 05:36:00,326.02,326.02,326.02,326.02,1004
2020-09-21 05:37:00,326.02,326.02,326.02,326.02,344
2020-09-21 05:38:00,326.06,326.06,325.8,325.8,1049
2020-09-21 05:39:00,325.61,325.61,325.57,325.57,654
2020-09-21 05:40:00,325.63,325.72,325.62,325.72,1247
2020-09-21 05:41:00,325.63,325.63,325.63,325.63,424
2020-09-21 05:42:00,325.65,325.66,325.65,325.65,2275
2020-09-21 05:43:00,325.66,325.66,325.5,325.5,288
2020-09-21 05:44:00,325.33,325.51,325.33,325.46,1827
2020-09-21 05:45:00,325.4,325.4,325.1,325.11,2119
2020-09-21 05:46:00,325.07,325.19,325.06,325.06,1637
2020-09-21 05:47:00,325.01,325.08,325,325.01,2006
2020-09-21 05:48:00,325.11,325.14,325.05,325.14,1174
2020-09-21 05:49:00,325.3,325.3,325.28,325.3,7942
2020-09-21 05:50:00,325.33,325.34,325.2,325.2,3631
2020-09-21 05:51:00,325.11,325.11,325.11,325.11,530
2020-09-21 05:52:00,325.3,325.36,325.3,325.32,2741
2020-09-21 05:53:00,325.37,325.41,325.35,325.41,12801
2020-09-21 05:54:00,325.67,325.87,325.67,325.87,5384
2020-09-21 05:55:00,325.79,325.81,325.79,325.81,1227
2020-09-21 05:56:00,325.6,325.6,325.6,325.6,602
2020-09-21 05:57:00,325.59,325.59,325.59,325.59,390
2020-09-21 05:58:00,325.61,325.61,325.48,325.48,526
2020-09-21 05:59:00,325.49,325.49,325.49,325.49,151
2020-09-21 06:00:00,325.55,325.7,325.55,325.63,704
2020-09-21 06:01:00,325.63,325.63,325.63,325.63,235
2020-09-21 06:02:00,325.51,325.51,325.44,325.44,821
2020-09-21 06:03:00,325.4,325.44,325.4,325.42,900
2020-09-21 06:04:00,325.45,325.45,325.44,325.44,12525
2020-09-21 06:05:00,325.53,325.53,325.53,325.53,615
2020-09-21 06:06:00,325.66,325.66,325.61,325.61,610
2020-09-21 06:07:00,325.75,325.75,325.71,325.71,1071
2020-09-21 06:09:00,325.78,325.78,325.78,325.78,275
2020-09-21 06:10:00,325.79,325.79,325.71,325.76,3551
2020-09-21 06:11:00,325.66,325.66,325.66,325.66,420
2020-09-21 06:13:00,325.5,325.5,325.42,325.45,10961
2020-09-21 06:14:00,325.4,325.4,325.4,325.4,380
2020-09-21 06:16:00,325.39,325.52,325.39,325.52,828
2020-09-21 06:18:00,325.41,325.42,325.38,325.4,949
2020-09-21 06:19:00,325.41,325.41,325.37,325.37,310
2020-09-21 06:20:00,325.5,325.53,325.5,325.53,3630
2020-09-21 06:21:00,325.46,325.48,325.46,325.48,1439
2020-09-21 06:22:00,325.55,325.75,325.55,325.75,681
2020-09-21 06:23:00,325.99,326.11,325.99,326.05,871
2020-09-21 06:24:00,326.05,326.33,326.05,326.33,729
2020-09-21 06:25:00,326.28,326.29,326.2,326.2,1609
2020-09-21 06:26:00,326.27,326.35,326.27,326.3,13900
2020-09-21 06:29:00,326.15,326.2,326.15,326.2,6061
2020-09-21 06:30:00,326.22,326.24,326.22,326.24,750
2020-09-21 06:31:00,326.29,326.57,326.29,326.57,5801
2020-09-21 06:32:00,326.64,326.71,326.62,326.62,66066
2020-09-21 06:33:00,326.67,326.67,326.63,326.63,267
2020-09-21 06:34:00,326.59,326.65,326.59,326.64,507
2020-09-21 06:35:00,326.66,326.66,326.6,326.61,922
2020-09-21 06:36:00,326.52,326.63,326.52,326.61,18253
2020-09-21 06:37:00,326.62,326.62,326.59,326.59,210
2020-09-21 06:38:00,326.58,326.58,326.58,326.58,120
2020-09-21 06:39:00,326.61,326.64,326.6,326.6,605
2020-09-21 06:40:00,326.52,326.52,326.48,326.51,1220
2020-09-21 06:41:00,326.42,326.42,326.36,326.38,12763
2020-09-21 06:42:00,326.35,326.35,326.29,326.29,789
2020-09-21 06:43:00,326.27,326.27,326.21,326.21,701
2020-09-21 06:44:00,326.34,326.34,326.34,326.34,502
2020-09-21 06:45:00,326.29,326.29,326.29,326.29,610
2020-09-21 06:46:00,326.28,326.28,326.19,326.25,2587
2020-09-21 06:47:00,326.15,326.2,326.15,326.2,388
2020-09-21 06:48:00,326.2,326.3,326.2,326.26,3074
2020-09-21 06:49:00,326.27,326.27,326.25,326.25,310
2020-09-21 06:50:00,326.26,326.26,326.26,326.26,345
2020-09-21 06:51:00,326.14,326.14,326.14,326.14,315
2020-09-21 06:52:00,326.09,326.15,326.09,326.15,582
2020-09-21 06:53:00,326.22,326.24,326.22,326.24,246
2020-09-21 06:54:00,326.27,326.27,326.27,326.27,436
2020-09-21 06:55:00,326.23,326.23,326.23,326.23,4101
2020-09-21 06:56:00,326.31,326.31,326.28,326.28,5501
2020-09-21 06:57:00,326.35,326.35,326.35,326.35,2320
2020-09-21 06:58:00,326.31,326.36,326.31,326.36,794
2020-09-21 06:59:00,326.31,326.41,326.31,326.4,1715
2020-09-21 07:00:00,326.46,326.57,326.411,326.47,25473
2020-09-21 07:01:00,326.47,326.509,326.46,326.5,4649
2020-09-21 07:02:00,326.54,326.55,326.45,326.45,9013
2020-09-21 07:03:00,326.41,326.42,326.23,326.23,4009
2020-09-21 07:04:00,326.2,326.2,326.11,326.179,2520
2020-09-21 07:05:00,326.21,326.28,326.21,326.28,2322
2020-09-21 07:06:00,326.3,326.32,326.18,326.19,2183
2020-09-21 07:07:00,326.18,326.24,326.18,326.24,632
2020-09-21 07:08:00,326.22,326.22,326.12,326.16,11686
2020-09-21 07:09:00,326.1,326.1,326.02,326.02,12210
2020-09-21 07:10:00,326.15,326.15,326.15,326.15,223
2020-09-21 07:11:00,326.23,326.23,326.13,326.13,1853
2020-09-21 07:12:00,326.1,326.16,326.1,326.15,5002
2020-09-21 07:14:00,326.25,326.38,326.21,326.34,8370
2020-09-21 07:15:00,326.41,326.41,326.37,326.38,1620
2020-09-21 07:16:00,326.37,326.37,326.37,326.37,301
2020-09-21 07:17:00,326.39,326.4,326.39,326.4,2600
2020-09-21 07:18:00,326.26,326.26,326.18,326.18,452
2020-09-21 07:19:00,326.17,326.17,326.15,326.17,416
2020-09-21 07:20:00,326.19,326.25,326.19,326.24,941
2020-09-21 07:21:00,326.18,326.18,326.18,326.18,387
2020-09-21 07:22:00,326.12,326.12,326.01,326.05,2157
2020-09-21 07:23:00,326.07,326.07,325.9,325.91,4591
2020-09-21 07:24:00,325.85,325.91,325.75,325.75,6664
2020-09-21 07:25:00,325.71,325.71,325.52,325.52,4165
2020-09-21 07:26:00,325.63,325.63,325.59,325.59,14381
2020-09-21 07:27:00,325.61,325.64,325.5,325.64,1604
2020-09-21 07:28:00,325.61,325.61,325.52,325.61,9397
2020-09-21 07:29:00,325.56,325.63,325.5,325.5,6125
2020-09-21 07:30:00,325.59,325.63,325.43,325.43,42702
2020-09-21 07:31:00,325.48,325.82,325.47,325.78,92830
2020-09-21 07:32:00,325.78,325.97,325.78,325.82,13522
2020-09-21 07:33:00,325.85,325.85,325.81,325.85,6920
2020-09-21 07:34:00,325.88,325.88,325.87,325.87,550
2020-09-21 07:35:00,325.84,325.84,325.84,325.84,130
2020-09-21 07:36:00,325.85,325.85,325.79,325.83,6086
2020-09-21 07:37:00,326,326.04,325.96,326.03,3841
2020-09-21 07:38:00,325.96,326.03,325.95,326.03,1594
2020-09-21 07:39:00,326,326.01,326,326.01,652
2020-09-21 07:40:00,326,326,326,326,204
2020-09-21 07:42:00,326,326.11,325.97,326.11,9076
2020-09-21 07:43:00,326.1,326.19,326.1,326.14,2515
2020-09-21 07:44:00,326.13,326.15,326.12,326.14,43177
2020-09-21 07:45:00,326.17,326.22,326.16,326.17,16704
2020-09-21 07:46:00,326.17,326.27,326.17,326.26,8272
2020-09-21 07:47:00,326.25,326.36,326.25,326.31,4590
2020-09-21 07:48:00,326.33,326.39,326.32,326.39,13227
2020-09-21 07:49:00,326.37,326.52,326.37,326.52,4835
2020-09-21 07:50:00,326.51,326.53,326.49,326.53,6019
2020-09-21 07:51:00,326.53,326.54,326.49,326.52,15031
2020-09-21 07:52:00,326.53,326.53,326.45,326.45,15046
2020-09-21 07:53:00,326.5,326.5,326.48,326.48,891
2020-09-21 07:54:00,326.48,326.5,326.48,326.5,3691
2020-09-21 07:55:00,326.51,326.55,326.51,326.51,4378
2020-09-21 07:56:00,326.6,326.639,326.6,326.639,4136
2020-09-21 07:57:00,326.64,326.64,326.61,326.62,3432
2020-09-21 07:58:00,326.64,326.76,326.62,326.76,6001
2020-09-21 07:59:00,326.74,326.74,326.7,326.7,1729
2020-09-21 08:00:00,326.3499,326.72,325.53,326.55,79012
2020-09-21 08:01:00,326.43,331.04,326.35,326.36,22944
2020-09-21 08:02:00,326.36,326.46,326.35,326.46,21142
2020-09-21 08:03:00,326.46,326.46,326.33,326.35,18190
2020-09-21 08:04:00,326.37,326.37,326.26,326.26,1168
2020-09-21 08:05:00,326.2504,326.3,325.95,325.95,28679
2020-09-21 08:06:00,325.96,325.96,325.76,325.76,23291
2020-09-21 08:07:00,325.74,325.8,325.65,325.7,48116
2020-09-21 08:08:00,325.7,325.79,325.7,325.74,3521
2020-09-21 08:09:00,325.71,325.71,325.56,325.6,6622
2020-09-21 08:10:00,325.55,325.75,325.55,325.75,6913
2020-09-21 08:11:00,325.75,325.81,325.64,325.73,15384
2020-09-21 08:12:00,325.69,325.83,325.65,325.83,7081
2020-09-21 08:13:00,325.79,325.8,325.77,325.8,1243
2020-09-21 08:14:00,325.88,325.92,325.82,325.82,3496
2020-09-21 08:15:00,325.82,325.95,325.8,325.95,1298
2020-09-21 08:16:00,325.95,325.95,325.87,325.9,6700
2020-09-21 08:17:00,325.88,326.25,325.87,326.25,7424
2020-09-21 08:18:00,326.19,326.22,326.0904,326.0904,6831
2020-09-21 08:19:00,326.06,326.1,326.04,326.1,9381
2020-09-21 08:20:00,326.13,326.13,325.96,326.08,4622
2020-09-21 08:21:00,326.04,326.04,325.97,325.97,2373
2020-09-21 08:22:00,325.91,326,325.82,326,12582
2020-09-21 08:23:00,326.02,326.02,325.76,325.76,5250
2020-09-21 08:24:00,325.81,325.82,325.59,325.65,5614
2020-09-21 08:25:00,325.6601,325.89,325.64,325.89,10156
2020-09-21 08:26:00,325.88,325.88,325.25,325.25,36380
2020-09-21 08:27:00,325.27,325.35,325.23,325.34,81577
2020-09-21 08:28:00,325.43,325.46,325.39,325.42,12224
2020-09-21 08:29:00,325.37,325.4199,325.35,325.35,16591
2020-09-21 08:30:00,325.41,325.46,325.15,325.18,29905
2020-09-21 08:31:00,325.21,325.27,325.19,325.25,11566
2020-09-21 08:32:00,325.31,325.5,325.31,325.41,6923
2020-09-21 08:33:00,325.44,325.49,325.38,325.38,2647
2020-09-21 08:34:00,325.3,325.3,325.15,325.16,25183
2020-09-21 08:35:00,325.18,325.26,325.11,325.13,48139
2020-09-21 08:36:00,325.13,325.29,325.13,325.29,30873
2020-09-21 08:37:00,325.3,325.42,325.3,325.38,5389
2020-09-21 08:38:00,325.3499,325.36,325.3,325.36,1580
2020-09-21 08:39:00,325.37,325.37,325.37,325.37,1358
2020-09-21 08:40:00,325.25,325.35,325.2,325.3,2407
2020-09-21 08:41:00,325.32,325.38,325.32,325.37,4147
2020-09-21 08:42:00,325.28,325.3,325,325,38250
2020-09-21 08:43:00,324.98,325,324.91,324.98,13995
2020-09-21 08:44:00,324.93,325,324.81,324.81,5612
2020-09-21 08:45:00,324.89,325.06,324.89,325.03,10455
2020-09-21 08:46:00,325.01,325.04,325.01,325.02,4589
2020-09-21 08:47:00,325.02,325.05,325,325.02,11983
2020-09-21 08:48:00,325.04,325.05,325.01,325.03,4677
2020-09-21 08:49:00,325,325.07,324.97,325.07,16267
2020-09-21 08:50:00,325.05,325.2,325.05,325.11,7910
2020-09-21 08:51:00,325.16,325.46,325.16,325.42,25952
2020-09-21 08:52:00,325.41,325.43,325.33,325.35,13081
2020-09-21 08:53:00,325.36,325.52,325.36,325.52,2847
2020-09-21 08:54:00,325.52,325.65,325.42,325.65,25393
2020-09-21 08:55:00,325.62,325.74,325.61,325.73,30555
2020-09-21 08:56:00,325.65,325.73,325.54,325.72,21054
2020-09-21 08:57:00,325.7,325.83,325.7,325.71,27685
2020-09-21 08:58:00,325.69,325.77,325.69,325.77,16503
2020-09-21 08:59:00,325.77,325.81,325.73,325.8,5068
2020-09-21 09:00:00,325.75,325.79,325.53,325.6601,7447
2020-09-21 09:01:00,325.61,325.65,325.6,325.65,7166
2020-09-21 09:02:00,325.64,325.97,325.64,325.97,19640
2020-09-21 09:03:00,325.97,326,325.88,325.9,21623
2020-09-21 09:04:00,325.9,325.96,325.868,325.96,36440
2020-09-21 09:05:00,325.96,325.96,325.85,325.87,4883
2020-09-21 09:06:00,325.78,325.8,325.68,325.68,11381
2020-09-21 09:07:00,325.7,325.72,325.5,325.5198,21689
2020-09-21 09:08:00,325.53,325.65,325.53,325.63,1353
2020-09-21 09:09:00,325.6,325.6,325.33,325.33,14944
2020-09-21 09:10:00,325.36,325.5,325.17,325.32,29090
2020-09-21 09:11:00,325.28,325.41,325.28,325.36,13450
2020-09-21 09:12:00,325.41,325.82,325.41,325.81,8726
2020-09-21 09:13:00,325.8,326,325.66,325.91,181925
2020-09-21 09:14:00,325.93,326.03,325.93,326.01,175161
2020-09-21 09:15:00,325.91,326.05,325.91,326,9836
2020-09-21 09:16:00,326.01,326.03,325.95,326.01,7738
2020-09-21 09:17:00,326,326.01,325.84,325.86,5355
2020-09-21 09:18:00,325.88,326.03,325.88,326.03,11101
2020-09-21 09:19:00,326.03,326.03,325.93,325.958,4191
2020-09-21 09:20:00,325.92,325.98,325.86,325.94,12383
2020-09-21 09:21:00,325.92,325.92,325.75,325.83,13865
2020-09-21 09:22:00,325.83,325.85,325.78,325.85,14084
2020-09-21 09:23:00,325.83,325.83,325.74,325.77,3234
2020-09-21 09:24:00,325.77,325.77,325.62,325.69,9109
2020-09-21 09:25:00,325.68,325.7,325.54,325.54,33363
2020-09-21 09:26:00,325.59,325.6,325.5,325.54,34143
2020-09-21 09:27:00,325.5204,325.67,325.5204,325.61,48602
2020-09-21 09:28:00,325.67,325.81,325.57,325.57,30843
2020-09-21 09:29:00,325.62,325.72,325.62,325.68,5842
2020-09-21 09:30:00,325.7,325.925,325.2198,325.51,1384010
2020-09-21 09:31:00,325.52,326.22,325.507,326.19,440260
2020-09-21 09:32:00,326.17,326.5,325.89,326.27,508950
2020-09-21 09:33:00,326.26,326.39,325.85,326.0427,488869
2020-09-21 09:34:00,326.05,326.21,325.18,325.3,356614
2020-09-21 09:35:00,325.31,325.48,324.74,324.96,601654
2020-09-21 09:36:00,324.95,325.06,324.4,324.4399,337505
2020-09-21 09:37:00,324.435,324.6,324.011,324.08,516484
2020-09-21 09:38:00,324.08,324.39,324.04,324.36,354286
2020-09-21 09:39:00,324.3782,324.47,324.22,324.3,298226
2020-09-21 09:40:00,324.3,324.3,323.67,323.84,324261
2020-09-21 09:41:00,323.85,324.3,323.85,324.195,267076
2020-09-21 09:42:00,324.21,324.28,323.92,324.25,204400
2020-09-21 09:43:00,324.22,324.7,324.04,324.64,391360
2020-09-21 09:44:00,324.64,324.77,324.5,324.63,291254
2020-09-21 09:45:00,324.6,325.02,324.19,325.02,346366
2020-09-21 09:46:00,325.02,325.26,324.87,325.16,263437
2020-09-21 09:47:00,325.16,325.1795,324.73,324.9119,331725
2020-09-21 09:48:00,324.919,325.151,324.81,325.09,122102
2020-09-21 09:49:00,325.1164,325.34,325.03,325.25,244675
2020-09-21 09:50:00,325.26,325.3,324.81,325.02,241452
2020-09-21 09:51:00,325.03,325.23,324.68,324.74,208256
2020-09-21 09:52:00,324.75,325.44,324.75,325.37,223980
2020-09-21 09:53:00,325.38,325.45,325.02,325.03,162400
2020-09-21 09:54:00,325.04,325.46,325.04,325.2728,170692
2020-09-21 09:55:00,325.27,325.27,324.31,324.3402,348755
2020-09-21 09:56:00,324.355,325.0398,324.355,324.92,277902
2020-09-21 09:57:00,324.9359,325.3,324.93,325.28,225509
2020-09-21 09:58:00,325.25,325.5719,325.0501,325.51,222092
2020-09-21 09:59:00,325.515,325.54,325.17,325.24,235639
2020-09-21 10:00:00,325.22,325.58,325.01,325.5,173914
2020-09-21 10:01:00,325.5,325.5,325.06,325.3,157882
2020-09-21 10:02:00,325.3,325.3,324.21,324.25,565081
2020-09-21 10:03:00,324.25,324.43,323.86,323.94,306635
2020-09-21 10:04:00,323.93,324.33,323.61,324.0401,299483
2020-09-21 10:05:00,324.04,324.279,323.61,323.73,256989
2020-09-21 10:06:00,323.77,323.83,323.32,323.6,306733
2020-09-21 10:07:00,323.61,324.07,323.59,323.9501,159403
2020-09-21 10:08:00,323.96,324.17,323.83,324.06,178543
2020-09-21 10:09:00,324.06,324.24,323.91,324.07,201409
2020-09-21 10:10:00,324.08,324.62,324.01,324.32,225008
2020-09-21 10:11:00,324.355,324.65,324.34,324.44,211034
2020-09-21 10:12:00,324.44,324.44,323.95,324.02,234495
2020-09-21 10:13:00,324.03,324.18,323.84,323.9709,176518
2020-09-21 10:14:00,323.99,324.36,323.94,323.96,131707
2020-09-21 10:15:00,323.96,323.96,323.43,323.65,336321
2020-09-21 10:16:00,323.65,324.04,323.385,323.52,252834
2020-09-21 10:17:00,323.51,323.78,323.42,323.51,282867
2020-09-21 10:18:00,323.53,323.59,323.25,323.4,242941
2020-09-21 10:19:00,323.41,323.43,323.18,323.28,238501
2020-09-21 10:20:00,323.3,323.54,323.15,323.22,252733
2020-09-21 10:21:00,323.22,323.351,323.06,323.06,192360
2020-09-21 10:22:00,323.05,323.09,322.81,322.82,1467444
2020-09-21 10:23:00,322.81,322.93,322.66,322.75,301839
2020-09-21 10:24:00,322.75,323.08,322.7,323.02,245885
2020-09-21 10:25:00,323.01,323.095,322.63,322.66,207574
2020-09-21 10:26:00,322.65,323.04,322.65,322.88,429090
2020-09-21 10:27:00,322.89,323.095,322.79,322.88,371633
2020-09-21 10:28:00,322.87,322.87,322.511,322.69,261149
2020-09-21 10:29:00,322.68,322.8,322.51,322.71,217536
2020-09-21 10:30:00,322.7,322.89,322.48,322.56,216395
2020-09-21 10:31:00,322.58,322.63,322.38,322.63,364998
2020-09-21 10:32:00,322.62,322.62,322.24,322.2628,208308
2020-09-21 10:33:00,322.255,322.45,322.24,322.26,194325
2020-09-21 10:34:00,322.28,322.53,322.2,322.52,225336
2020-09-21 10:35:00,322.52,322.56,322.26,322.3999,167660
2020-09-21 10:36:00,322.36,322.39,322.18,322.28,191127
2020-09-21 10:37:00,322.285,322.33,322.11,322.23,266244
2020-09-21 10:38:00,322.24,322.42,321.97,322.065,269119
2020-09-21 10:39:00,322.06,322.23,321.95,321.98,190978
2020-09-21 10:40:00,321.98,321.995,321.73,321.81,374463
2020-09-21 10:41:00,321.84,322.39,321.84,322.37,405668
2020-09-21 10:42:00,322.38,322.66,322.33,322.57,716421
2020-09-21 10:43:00,322.58,322.6381,322.12,322.155,225051
2020-09-21 10:44:00,322.14,322.32,322.01,322.12,236306
2020-09-21 10:45:00,322.11,322.63,322.01,322.46,195561
2020-09-21 10:46:00,322.42,322.445,322.04,322.42,218538
2020-09-21 10:47:00,322.42,322.68,322.32,322.54,138113
2020-09-21 10:48:00,322.53,322.545,322.26,322.41,256771
2020-09-21 10:49:00,322.41,322.88,322.31,322.8,241374
2020-09-21 10:50:00,322.8,322.8,322.4,322.51,239520
2020-09-21 10:51:00,322.51,322.64,322.33,322.42,185999
2020-09-21 10:52:00,322.43,322.46,322.2,322.31,205036
2020-09-21 10:53:00,322.34,322.98,322.33,322.91,204150
2020-09-21 10:54:00,322.93,323.159,322.9,323.04,280316
2020-09-21 10:55:00,323.0478,323.0701,322.84,322.86,204014
2020-09-21 10:56:00,322.86,322.91,322.623,322.83,150521
2020-09-21 10:57:00,322.84,323.06,322.68,322.9799,213392
2020-09-21 10:58:00,322.945,322.99,322.7772,322.9,138517
2020-09-21 10:59:00,322.905,322.93,322.68,322.7,2126715
2020-09-21 11:00:00,322.69,322.91,322.55,322.83,163938
2020-09-21 11:01:00,322.82,323.217,322.7702,323.18,184334
2020-09-21 11:02:00,323.15,323.34,323.14,323.27,121656
2020-09-21 11:03:00,323.27,323.495,323.25,323.4,155849
2020-09-21 11:04:00,323.395,323.59,323.39,323.46,354747
2020-09-21 11:05:00,323.45,323.7,323.41,323.68,166497
2020-09-21 11:06:00,323.68,323.74,323.57,323.6,157336
2020-09-21 11:07:00,323.6,323.69,323.51,323.64,131973
2020-09-21 11:08:00,323.65,323.74,323.56,323.64,193517
2020-09-21 11:09:00,323.64,323.745,323.62,323.6905,122838
2020-09-21 11:10:00,323.69,323.858,323.51,323.59,172844
2020-09-21 11:11:00,323.59,323.65,323.41,323.44,149649
2020-09-21 11:12:00,323.445,323.54,323.325,323.3601,80955
2020-09-21 11:13:00,323.362,323.4,323.14,323.2,210073
2020-09-21 11:14:00,323.23,323.23,322.99,322.99,196668
2020-09-21 11:15:00,322.99,323.06,322.63,322.7,310936
2020-09-21 11:16:00,322.7,322.73,322.435,322.64,210393
2020-09-21 11:17:00,322.65,322.65,322.31,322.3301,151814
2020-09-21 11:18:00,322.35,322.53,322.24,322.29,190450
2020-09-21 11:19:00,322.285,322.35,322.08,322.35,175470
2020-09-21 11:20:00,322.36,322.58,322.35,322.37,150737
2020-09-21 11:21:00,322.37,322.44,322.2,322.23,88354
2020-09-21 11:22:00,322.22,322.35,322.07,322.26,327872
2020-09-21 11:23:00,322.28,322.3,322.1,322.23,109869
2020-09-21 11:24:00,322.24,322.32,322.1,322.275,61986
2020-09-21 11:25:00,322.28,322.28,321.9,321.9,176879
2020-09-21 11:26:00,321.89,322.06,321.89,321.99,112215
2020-09-21 11:27:00,321.995,322.59,321.99,322.44,198194
2020-09-21 11:28:00,322.45,322.67,322.38,322.48,196422
2020-09-21 11:29:00,322.48,322.58,322.26,322.47,123365
2020-09-21 11:30:00,322.46,322.77,322.3985,322.69,108201
2020-09-21 11:31:00,322.7,322.875,322.55,322.56,177917
2020-09-21 11:32:00,322.55,322.59,322.2,322.21,154452
2020-09-21 11:33:00,322.18,322.19,321.97,322.02,168456
2020-09-21 11:34:00,322.01,322.19,321.96,322.07,129498
2020-09-21 11:35:00,322.09,322.2095,321.895,321.99,120210
2020-09-21 11:36:00,321.99,322.48,321.98,322.36,144863
2020-09-21 11:37:00,322.36,322.64,322.33,322.4348,161442
2020-09-21 11:38:00,322.42,322.605,322.23,322.56,139420
2020-09-21 11:39:00,322.56,322.75,322.26,322.289,285958
2020-09-21 11:40:00,322.32,322.44,322.084,322.2,186503
2020-09-21 11:41:00,322.2,322.435,322.15,322.27,70454
2020-09-21 11:42:00,322.28,322.8,322.28,322.75,253303
2020-09-21 11:43:00,322.76,323.13,322.68,322.68,448697
2020-09-21 11:44:00,322.64,322.64,322.49,322.5,682417
2020-09-21 11:45:00,322.46,322.77,322.455,322.77,113895
2020-09-21 11:46:00,322.76,323.08,322.74,322.9,218061
2020-09-21 11:47:00,322.88,323.34,322.88,323.2689,203746
2020-09-21 11:48:00,323.255,323.27,323.11,323.13,144507
2020-09-21 11:49:00,323.12,323.4078,323.12,323.27,212666
2020-09-21 11:50:00,323.25,323.4,323.2,323.29,210077
2020-09-21 11:51:00,323.32,323.45,323.23,323.37,102831
2020-09-21 11:52:00,323.37,323.59,323.3336,323.51,198086
2020-09-21 11:53:00,323.515,323.69,323.515,323.58,177657
2020-09-21 11:54:00,323.58,323.6981,323.51,323.62,107154
2020-09-21 11:55:00,323.61,323.61,323.36,323.48,112846
2020-09-21 11:56:00,323.5,323.7,323.5,323.57,141886
2020-09-21 11:57:00,323.58,323.72,323.57,323.71,79899
2020-09-21 11:58:00,323.73,323.82,323.5,323.5,152845
2020-09-21 11:59:00,323.5,323.67,323.5,323.62,140819
2020-09-21 12:00:00,323.62,323.81,323.59,323.7345,119080
2020-09-21 12:01:00,323.75,323.79,323.58,323.754,92942
2020-09-21 12:02:00,323.745,323.75,323.6,323.7,98899
2020-09-21 12:03:00,323.69,324.1,323.65,324.1,229739
2020-09-21 12:04:00,324.12,324.26,324.03,324.245,133247
2020-09-21 12:05:00,324.249,324.34,324.1001,324.31,161827
2020-09-21 12:06:00,324.32,324.35,324.2,324.3178,95506
2020-09-21 12:07:00,324.32,324.47,324.27,324.47,106503
2020-09-21 12:08:00,324.48,324.55,324.45,324.52,94845
2020-09-21 12:09:00,324.51,324.55,324.29,324.3099,129741
2020-09-21 12:10:00,324.32,324.32,323.98,324,270799
2020-09-21 12:11:00,324.02,324.18,324.02,324.07,151253
2020-09-21 12:12:00,324.08,324.11,323.91,324.079,177168
2020-09-21 12:13:00,324.08,324.13,323.85,323.87,73799
2020-09-21 12:14:00,323.875,323.91,323.68,323.78,106923
2020-09-21 12:15:00,323.78,323.8,323.635,323.675,150071
2020-09-21 12:16:00,323.675,323.83,323.51,323.63,123304
2020-09-21 12:17:00,323.64,324.02,323.6319,324.02,95768
2020-09-21 12:18:00,324.0199,324.05,323.84,323.92,125464
2020-09-21 12:19:00,323.92,324.07,323.911,323.975,112765
2020-09-21 12:20:00,323.975,324.22,323.77,323.8299,122056
2020-09-21 12:21:00,323.805,323.855,323.59,323.72,96868
2020-09-21 12:22:00,323.73,323.84,323.5,323.77,81567
2020-09-21 12:23:00,323.77,323.895,323.77,323.8599,43747
2020-09-21 12:24:00,323.87,324.04,323.81,323.9022,571090
2020-09-21 12:25:00,323.91,324.05,323.871,323.98,59725
2020-09-21 12:26:00,323.991,324.39,323.991,324.19,132579
2020-09-21 12:27:00,324.19,324.5,324.17,324.39,103668
2020-09-21 12:28:00,324.38,324.42,324.14,324.24,101694
2020-09-21 12:29:00,324.2001,324.35,324.16,324.25,75332
2020-09-21 12:30:00,324.27,324.3,324.15,324.27,57997
2020-09-21 12:31:00,324.27,324.38,323.87,323.91,159503
2020-09-21 12:32:00,323.92,323.9491,323.755,323.93,154467
2020-09-21 12:33:00,323.93,323.95,323.72,323.7219,77581
2020-09-21 12:34:00,323.73,323.79,323.64,323.775,63033
2020-09-21 12:35:00,323.79,323.995,323.79,323.85,91096
2020-09-21 12:36:00,323.86,324.08,323.86,324.07,67145
2020-09-21 12:37:00,324.06,324.13,324,324.12,43386
2020-09-21 12:38:00,324.1,324.11,323.96,324.03,43564
2020-09-21 12:39:00,324.04,324.225,323.99,323.99,66657
2020-09-21 12:40:00,323.99,324.54,323.83,324.38,205864
2020-09-21 12:41:00,324.38,324.46,324.12,324.24,185803
2020-09-21 12:42:00,324.22,324.31,324.09,324.26,74930
2020-09-21 12:43:00,324.28,324.28,323.8503,323.935,132505
2020-09-21 12:44:00,323.945,324.085,323.73,323.7923,126815
2020-09-21 12:45:00,323.79,323.98,323.6,323.61,80701
2020-09-21 12:46:00,323.6,323.6017,323.3,323.4283,214719
2020-09-21 12:47:00,323.45,323.58,323.29,323.52,160027
2020-09-21 12:48:00,323.525,323.61,323.44,323.51,76550
2020-09-21 12:49:00,323.523,323.59,323.5,323.59,54696
2020-09-21 12:50:00,323.59,323.59,323.31,323.432,125379
2020-09-21 12:51:00,323.4301,323.53,323.2066,323.23,204724
2020-09-21 12:52:00,323.22,323.49,323.21,323.34,142215
2020-09-21 12:53:00,323.34,323.58,323.25,323.53,74034
2020-09-21 12:54:00,323.52,323.56,323.32,323.41,101292
2020-09-21 12:55:00,323.42,323.68,323.42,323.58,98838
2020-09-21 12:56:00,323.59,323.6,323.37,323.38,87023
2020-09-21 12:57:00,323.36,323.36,323.04,323.06,224439
2020-09-21 12:58:00,323.0601,323.14,323.005,323.09,107992
2020-09-21 12:59:00,323.12,323.29,323.0859,323.27,92179
2020-09-21 13:00:00,323.27,323.44,323.27,323.3,57853
2020-09-21 13:01:00,323.29,323.295,322.62,322.7,195036
2020-09-21 13:02:00,322.7,322.93,322.7,322.885,112961
2020-09-21 13:03:00,322.885,323,322.81,322.9901,75330
2020-09-21 13:04:00,323.0073,323.2,323,323.12,102478
2020-09-21 13:05:00,323.115,323.16,322.78,323.02,149801
2020-09-21 13:06:00,323.01,323.3,322.95,323.2595,73496
2020-09-21 13:07:00,323.27,323.285,323.1,323.18,146121
2020-09-21 13:08:00,323.2,323.31,323.13,323.17,88630
2020-09-21 13:09:00,323.19,323.34,323.13,323.26,94546
2020-09-21 13:10:00,323.27,323.3,323.06,323.23,67662
2020-09-21 13:11:00,323.24,323.44,323.18,323.44,113427
2020-09-21 13:12:00,323.43,323.59,323.33,323.59,110715
2020-09-21 13:13:00,323.585,323.74,323.58,323.69,113008
2020-09-21 13:14:00,323.69,323.77,323.555,323.71,154667
2020-09-21 13:15:00,323.725,323.96,323.71,323.92,179048
2020-09-21 13:16:00,323.93,324.115,323.701,324.04,206534
2020-09-21 13:17:00,324.035,324.035,323.88,323.92,195869
2020-09-21 13:18:00,323.915,323.98,323.77,323.87,138492
2020-09-21 13:19:00,323.87,323.97,323.74,323.79,85065
2020-09-21 13:20:00,323.77,323.97,323.73,323.9081,101752
2020-09-21 13:21:00,323.9,324.25,323.9,324.22,219552
2020-09-21 13:22:00,324.22,324.28,324.13,324.27,95004
2020-09-21 13:23:00,324.26,324.4,324.2,324.23,133383
2020-09-21 13:24:00,324.24,324.43,324.15,324.36,168041
2020-09-21 13:25:00,324.36,324.42,324.185,324.37,94491
2020-09-21 13:26:00,324.37,324.41,324.23,324.26,86566
2020-09-21 13:27:00,324.28,324.33,324.21,324.29,416810
2020-09-21 13:28:00,324.2919,324.37,324.218,324.25,91769
2020-09-21 13:29:00,324.27,324.4,324.16,324.39,122683
2020-09-21 13:30:00,324.4,324.41,324.25,324.38,96511
2020-09-21 13:31:00,324.4,324.8,324.32,324.795,198587
2020-09-21 13:32:00,324.795,324.795,324.49,324.49,100263
2020-09-21 13:33:00,324.49,324.54,324.3811,324.44,112387
2020-09-21 13:34:00,324.43,324.59,324.43,324.44,88143
2020-09-21 13:35:00,324.43,324.45,324.3,324.385,166618
2020-09-21 13:36:00,324.39,324.63,324.39,324.55,95034
2020-09-21 13:37:00,324.53,324.705,324.44,324.7,219676
2020-09-21 13:38:00,324.7,324.76,324.59,324.63,100117
2020-09-21 13:39:00,324.62,324.7,324.6101,324.65,590486
2020-09-21 13:40:00,324.66,324.74,324.52,324.58,83010
2020-09-21 13:41:00,324.585,324.6,324.4,324.5001,110711
2020-09-21 13:42:00,324.5,324.51,324.27,324.36,108859
2020-09-21 13:43:00,324.3778,324.45,324.11,324.19,119016
2020-09-21 13:44:00,324.19,324.25,324.02,324.02,82962
2020-09-21 13:45:00,324.01,324.0399,323.81,323.89,132407
2020-09-21 13:46:00,323.895,323.96,323.82,323.8899,80603
2020-09-21 13:47:00,323.89,324.06,323.85,324.0301,78527
2020-09-21 13:48:00,324.02,324.15,323.96,323.9799,103790
2020-09-21 13:49:00,323.98,323.98,323.64,323.83,156002
2020-09-21 13:50:00,323.82,323.96,323.8,323.88,120084
2020-09-21 13:51:00,323.875,324.06,323.86,324,57496
2020-09-21 13:52:00,324.01,324.02,323.6,323.74,228832
2020-09-21 13:53:00,323.73,323.83,323.68,323.73,85810
2020-09-21 13:54:00,323.715,323.74,323.38,323.51,159097
2020-09-21 13:55:00,323.505,323.558,323.14,323.46,456387
2020-09-21 13:56:00,323.48,323.665,323.48,323.63,120354
2020-09-21 13:57:00,323.651,323.81,323.58,323.71,130333
2020-09-21 13:58:00,323.7119,323.8074,323.61,323.71,179711
2020-09-21 13:59:00,323.71,323.725,323.56,323.64,63168
2020-09-21 14:00:00,323.65,323.74,323.55,323.59,90399
2020-09-21 14:01:00,323.58,323.88,323.55,323.78,86269
2020-09-21 14:02:00,323.8,323.81,323.3,323.47,333098
2020-09-21 14:03:00,323.48,323.63,323.31,323.5978,207760
2020-09-21 14:04:00,323.61,323.84,323.59,323.8,114071
2020-09-21 14:05:00,323.7845,323.7845,323.3,323.46,135068
2020-09-21 14:06:00,323.46,323.465,323.12,323.15,211716
2020-09-21 14:07:00,323.1559,323.34,323.03,323.34,220831
2020-09-21 14:08:00,323.35,323.38,323.17,323.3,123096
2020-09-21 14:09:00,323.3,323.33,323.08,323.31,119013
2020-09-21 14:10:00,323.31,323.46,323.12,323.1519,219071
2020-09-21 14:11:00,323.16,323.3,322.99,323.08,458467
2020-09-21 14:12:00,323.08,323.1299,322.945,323.025,116940
2020-09-21 14:13:00,323.02,323.19,322.8895,323.19,131412
2020-09-21 14:14:00,323.19,323.2199,322.97,323.1619,114371
2020-09-21 14:15:00,323.17,323.385,323.17,323.37,106383
2020-09-21 14:16:00,323.36,323.43,323.24,323.31,98204
2020-09-21 14:17:00,323.32,323.39,322.91,322.93,290911
2020-09-21 14:18:00,322.92,322.945,322.72,322.79,175523
2020-09-21 14:19:00,322.75,323,322.75,322.93,72384
2020-09-21 14:20:00,322.92,323.1,322.91,323.04,146916
2020-09-21 14:21:00,323.04,323.24,322.94,323.22,333537
2020-09-21 14:22:00,323.2,323.35,323.15,323.303,142451
2020-09-21 14:23:00,323.29,323.5,323.26,323.42,104372
2020-09-21 14:24:00,323.41,323.46,323.23,323.2998,117330
2020-09-21 14:25:00,323.2928,323.51,323.12,323.39,127877
2020-09-21 14:26:00,323.39,323.495,323.33,323.405,123216
2020-09-21 14:27:00,323.4,323.65,323.39,323.57,117897
2020-09-21 14:28:00,323.57,323.57,323.2501,323.27,123054
2020-09-21 14:29:00,323.28,323.405,323.27,323.3,67696
2020-09-21 14:30:00,323.28,323.3,322.78,323.03,390246
2020-09-21 14:31:00,323.06,323.15,322.92,322.97,183152
2020-09-21 14:32:00,322.97,323.02,322.68,322.72,240125
2020-09-21 14:33:00,322.715,322.76,322.41,322.46,332877
2020-09-21 14:34:00,322.46,322.79,322.46,322.69,213833
2020-09-21 14:35:00,322.7,322.75,322.54,322.62,150426
2020-09-21 14:36:00,322.64,322.7,322.5,322.59,91244
2020-09-21 14:37:00,322.58,322.6,322.42,322.5997,172675
2020-09-21 14:38:00,322.58,322.62,322.43,322.59,360533
2020-09-21 14:39:00,322.59,322.66,322.47,322.61,129077
2020-09-21 14:40:00,322.62,322.62,322.47,322.557,134323
2020-09-21 14:41:00,322.555,322.595,322.48,322.525,103798
2020-09-21 14:42:00,322.5,322.76,322.35,322.58,350833
2020-09-21 14:43:00,322.58,322.58,322.25,322.39,150254
2020-09-21 14:44:00,322.41,322.44,322.32,322.35,1105823
2020-09-21 14:45:00,322.36,322.51,322.31,322.35,365099
2020-09-21 14:46:00,322.35,322.5,322.29,322.4297,91952
2020-09-21 14:47:00,322.42,322.5,322.295,322.405,101572
2020-09-21 14:48:00,322.41,322.44,322.16,322.36,157905
2020-09-21 14:49:00,322.365,322.43,322.2999,322.2999,101672
2020-09-21 14:50:00,322.31,322.64,322.31,322.55,209231
2020-09-21 14:51:00,322.54,322.865,322.51,322.84,171613
2020-09-21 14:52:00,322.82,322.88,322.73,322.84,107008
2020-09-21 14:53:00,322.84,322.88,322.8,322.85,421587
2020-09-21 14:54:00,322.845,323.02,322.8,323.02,141623
2020-09-21 14:55:00,323.01,323.33,322.95,323.33,201334
2020-09-21 14:56:00,323.31,323.44,323.23,323.44,124234
2020-09-21 14:57:00,323.44,323.5,323.35,323.41,283383
2020-09-21 14:58:00,323.41,323.5925,323.405,323.49,131396
2020-09-21 14:59:00,323.47,323.5,323.39,323.41,97395
2020-09-21 15:00:00,323.42,323.55,323.305,323.49,186682
2020-09-21 15:01:00,323.5,323.96,323.5,323.865,312409
2020-09-21 15:02:00,323.8654,323.9499,323.81,323.83,131193
2020-09-21 15:03:00,323.81,323.81,323.69,323.765,97774
2020-09-21 15:04:00,323.765,324.21,323.765,324.2,274315
2020-09-21 15:05:00,324.2,324.245,324.01,324.095,133912
2020-09-21 15:06:00,324.1,324.14,324.04,324.07,106245
2020-09-21 15:07:00,324.07,324.14,324.04,324.11,121532
2020-09-21 15:08:00,324.1,324.3,324.1,324.22,131019
2020-09-21 15:09:00,324.21,324.355,324.185,324.33,119496
2020-09-21 15:10:00,324.33,324.44,324.25,324.3,170021
2020-09-21 15:11:00,324.2901,324.4581,324.29,324.45,97317
2020-09-21 15:12:00,324.455,324.65,324.4549,324.5319,233657
2020-09-21 15:13:00,324.535,324.54,324.36,324.43,136937
2020-09-21 15:14:00,324.42,324.49,324.38,324.49,99748
2020-09-21 15:15:00,324.4701,324.81,324.46,324.705,151383
2020-09-21 15:16:00,324.709,324.71,324.435,324.625,300994
2020-09-21 15:17:00,324.63,324.99,324.63,324.88,432581
2020-09-21 15:18:00,324.89,324.99,324.76,324.829,370295
2020-09-21 15:19:00,324.82,324.95,324.741,324.7514,212826
2020-09-21 15:20:00,324.753,324.97,324.72,324.805,222507
2020-09-21 15:21:00,324.8098,324.83,324.52,324.63,196490
2020-09-21 15:22:00,324.64,325.18,324.635,325.16,339762
2020-09-21 15:23:00,325.16,325.355,325.14,325.23,192494
2020-09-21 15:24:00,325.2118,325.365,325.2118,325.36,192498
2020-09-21 15:25:00,325.36,325.39,325.07,325.155,166310
2020-09-21 15:26:00,325.155,325.3,325.095,325.27,199070
2020-09-21 15:27:00,325.24,325.245,324.97,325.13,569048
2020-09-21 15:28:00,325.13,325.2,324.94,325.03,265825
2020-09-21 15:29:00,325.02,325.08,324.92,324.9909,190321
2020-09-21 15:30:00,324.99,325.23,324.99,325.07,242852
2020-09-21 15:31:00,325.07,325.24,324.9213,324.9213,275058
2020-09-21 15:32:00,324.93,324.94,324.76,324.79,238889
2020-09-21 15:33:00,324.8,324.89,324.52,324.57,154104
2020-09-21 15:34:00,324.57,324.91,324.566,324.87,155342
2020-09-21 15:35:00,324.87,325.3,324.84,325.26,245211
2020-09-21 15:36:00,325.26,325.37,325.22,325.3501,174326
2020-09-21 15:37:00,325.35,325.36,325.2,325.33,157473
2020-09-21 15:38:00,325.335,325.71,325.29,325.595,407267
2020-09-21 15:39:00,325.6,325.6,325.2199,325.39,317121
2020-09-21 15:40:00,325.41,325.505,325.11,325.24,459757
2020-09-21 15:41:00,325.24,325.38,324.92,325,411199
2020-09-21 15:42:00,325.03,325.33,325,325.19,295152
2020-09-21 15:43:00,325.19,325.36,324.935,325.31,263038
2020-09-21 15:44:00,325.29,325.6001,325.28,325.44,309130
2020-09-21 15:45:00,325.46,325.69,325.4432,325.64,343742
2020-09-21 15:46:00,325.64,325.65,325.39,325.42,241005
2020-09-21 15:47:00,325.41,325.41,325.2,325.33,242468
2020-09-21 15:48:00,325.335,325.54,325.31,325.33,281314
2020-09-21 15:49:00,325.3236,325.55,325.29,325.29,333794
2020-09-21 15:50:00,325.29,326.13,325.21,326.06,650358
2020-09-21 15:51:00,326.055,326.09,325.86,325.95,440558
2020-09-21 15:52:00,325.94,326.2,325.93,326.07,301215
2020-09-21 15:53:00,326.06,326.28,326.05,326.09,402301
2020-09-21 15:54:00,326.1,326.3008,326.04,326.05,413431
2020-09-21 15:55:00,326.05,326.46,326.025,326.415,592919
2020-09-21 15:56:00,326.43,326.5,326.23,326.29,1191941
2020-09-21 15:57:00,326.29,326.61,326.24,326.53,592707
2020-09-21 15:58:00,326.53,326.77,326.49,326.68,823493
2020-09-21 15:59:00,326.6897,327.09,326.54,327,2562179
2020-09-21 16:00:00,327.02,327.29,326.96,327.26,582321
2020-09-21 16:01:00,327.26,327.42,327.17,327.39,254252
2020-09-21 16:02:00,327.39,327.43,327.28,327.41,146642
2020-09-21 16:03:00,327.42,327.42,327.31,327.32,88266
2020-09-21 16:04:00,327.32,327.5,327.27,327.33,80962
2020-09-21 16:05:00,327.34,327.58,327.27,327.39,178058
2020-09-21 16:06:00,327.39,327.43,327.19,327.2,164036
2020-09-21 16:07:00,327.19,327.21,326.9499,327.2,1117978
2020-09-21 16:08:00,327.21,327.29,327.15,327.17,57380
2020-09-21 16:09:00,327.17,331.165,327.1,327.11,3277569
2020-09-21 16:10:00,327.11,327.19,327.1,327.14,38365
2020-09-21 16:11:00,327.15,327.2,327.11,327.18,89783
2020-09-21 16:12:00,327.18,327.29,327.17,327.24,45445
2020-09-21 16:13:00,327.21,327.44,327.15,327.39,60633
2020-09-21 16:14:00,327.39,327.49,327.3,327.46,207474
2020-09-21 16:15:00,327.46,327.6,327.43,327.48,63464
2020-09-21 16:16:00,327.48,327.52,327.47,327.5,15203
2020-09-21 16:17:00,327.5,327.52,327.5,327.52,6557
2020-09-21 16:18:00,327.52,327.54,327.46,327.46,27271
2020-09-21 16:19:00,327.5,327.51,327.47,327.49,11508
2020-09-21 16:20:00,327.5,327.5,327.4,327.4,28330
2020-09-21 16:21:00,327.4,327.44,326.97,327.44,272530
2020-09-21 16:22:00,327.42,327.46,327.41,327.41,19107
2020-09-21 16:23:00,327.41,327.41,326.97,327.25,543473
2020-09-21 16:24:00,327.28,327.28,326.949,327.27,90490
2020-09-21 16:25:00,327.27,327.27,327.21,327.21,18454
2020-09-21 16:26:00,327.21,327.21,327.19,327.19,33912
2020-09-21 16:27:00,327.21,327.21,327.17,327.18,20395
2020-09-21 16:28:00,327.18,327.52,327.15,327.15,35752
2020-09-21 16:29:00,327.18,327.21,327.16,327.21,13839
2020-09-21 16:30:00,327.25,327.53,327.24,327.41,99877
2020-09-21 16:31:00,327.42,327.48,327.38,327.4698,23283
2020-09-21 16:32:00,327.48,327.71,327.48,327.66,73660
2020-09-21 16:33:00,327.64,327.74,327.64,327.74,8975
2020-09-21 16:34:00,327.77,327.84,326.97,327.82,316910
2020-09-21 16:35:00,327.84,327.84,327.8,327.81,17678
2020-09-21 16:36:00,327.81,327.81,327.8,327.8,2417
2020-09-21 16:37:00,327.81,327.84,327.8,327.82,26352
2020-09-21 16:38:00,327.82,327.84,327.81,327.81,19307
2020-09-21 16:39:00,327.81,327.85,327.79,327.85,9802
2020-09-21 16:40:00,327.84,327.84,327.79,327.79,15085
2020-09-21 16:41:00,327.8,327.83,327.77,327.77,8337
2020-09-21 16:42:00,327.77,327.78,327.77,327.77,5564
2020-09-21 16:43:00,327.77,327.78,327.77,327.77,3276
2020-09-21 16:44:00,327.77,327.77,327.74,327.74,30896
2020-09-21 16:45:00,327.74,327.75,327.74,327.74,10723
2020-09-21 16:46:00,327.74,327.75,327.73,327.75,31683
2020-09-21 16:47:00,327.74,327.78,327.74,327.75,3971
2020-09-21 16:48:00,327.78,327.78,327.78,327.78,50171
2020-09-21 16:49:00,327.78,327.8,327.78,327.79,4835
2020-09-21 16:50:00,327.76,327.76,327.74,327.74,1665
2020-09-21 16:51:00,327.74,327.75,327.68,327.68,8316
2020-09-21 16:52:00,327.67,327.69,326.97,327.69,8390
2020-09-21 16:53:00,327.67,327.73,327.66,327.73,28382
2020-09-21 16:54:00,327.7,327.7,327.68,327.7,1611
2020-09-21 16:55:00,327.71,327.71,327.66,327.7,13414
2020-09-21 16:56:00,327.66,327.66,327.61,327.62,1974
2020-09-21 16:57:00,327.61,327.62,327.58,327.58,3158
2020-09-21 16:58:00,327.55,327.55,327.4,327.4,12263
2020-09-21 16:59:00,327.38,327.39,327.31,327.32,17461
2020-09-21 17:00:00,327.39,327.43,327.21,327.25,30836
2020-09-21 17:01:00,327.25,327.25,327.16,327.16,12953
2020-09-21 17:02:00,327.19,327.19,327.06,327.1,20180
